split,scope,domain,language,tokenizer,vocab_budget,status,documents,source_utf8_bytes,normalized_utf8_bytes,unicode_characters,tokens,bytes_per_token,tokens_per_unicode_character,byte_fallback_tokens,byte_fallback_percent,token_length_bytes_mean,token_length_bytes_p50,token_length_bytes_p95,token_length_bytes_max,token_length_bytes_histogram,usable_vocabulary_size,observed_token_types,vocabulary_utilization_percent,rare_tokens,rare_token_percent,unseen_in_diagnostic_training_tokens,unseen_in_diagnostic_training_percent,initial_tokens,initial_adjacent_boundaries,applied_cross_word_merges,cross_word_merge_rate_percent,cross_word_tokens,cross_word_token_percent,whitespace_excess_fragments,whitespace_isolated_tokens,whitespace_mixed_tokens,whitespace_runs,whitespace_split_runs,whitespace_token_intersections,whitespace_unicode_characters,whitespace_tokens_per_run,whitespace_split_run_percent,punctuation_excess_fragments,punctuation_isolated_tokens,punctuation_mixed_tokens,punctuation_runs,punctuation_split_runs,punctuation_token_intersections,punctuation_unicode_characters,punctuation_tokens_per_run,punctuation_split_run_percent
train,aggregate,,,sp_unigram,16384,observed,960,10156542,10150281,7080929,3584564,2.831664046171306,0.5062279257425121,55451,1.5469384840108866,2.831664046171306,2,7,27,"{""1"": 1273125, ""10"": 16077, ""11"": 5982, ""12"": 12855, ""13"": 5972, ""14"": 37, ""15"": 3293, ""16"": 3271, ""18"": 1452, ""19"": 257, ""2"": 624743, ""21"": 223, ""24"": 118, ""27"": 35, ""3"": 783965, ""4"": 307612, ""5"": 123973, ""6"": 257043, ""7"": 88921, ""8"": 19929, ""9"": 55681}",16380,13468,82.22222222222223,6759,0.18855849693296034,0,0.0,3584564,3583604,0,0.0,6309,0.1760046689081294,446234,710380,570770,851674,75447,1297908,1307806,1.5239493045461057,8.858671275628938,34286,349803,199926,527255,28064,561541,717848,1.0650273586784382,5.3226617101781875
validation,aggregate,,,sp_unigram,16384,observed,9918,2532136,2531410,1142632,669952,3.7784945787160873,0.586323505730629,271,0.04045065915170042,3.7784945787160873,3,9,27,"{""1"": 118982, ""10"": 6230, ""11"": 677, ""12"": 7256, ""13"": 2461, ""14"": 19, ""15"": 1933, ""16"": 609, ""18"": 1028, ""19"": 155, ""2"": 75005, ""21"": 98, ""24"": 240, ""27"": 30, ""3"": 215724, ""4"": 79038, ""5"": 19519, ""6"": 94343, ""7"": 19030, ""8"": 3838, ""9"": 23737}",16380,8232,50.256410256410255,3066,0.4576447267863966,1002,0.14956295376385173,669952,660034,0,0.0,0,0.0,685,81973,82708,163996,640,164681,164681,1.004176931144662,0.39025342081514186,1291,26217,2450,27379,1065,28670,29045,1.0471529274261295,3.8898425800796232
train,aggregate,,,sp_unigram,32768,observed,960,10156542,10150281,7080929,2993234,3.3910750044934677,0.42271769707053974,55451,1.8525447726439028,3.3910750044934677,3,9,42,"{""1"": 1015292, ""10"": 31929, ""11"": 13864, ""12"": 20867, ""13"": 18898, ""14"": 905, ""15"": 10153, ""16"": 8623, ""17"": 694, ""18"": 3525, ""19"": 3899, ""2"": 406287, ""20"": 39, ""21"": 1720, ""22"": 1368, ""23"": 19, ""24"": 690, ""25"": 491, ""26"": 49, ""27"": 322, ""28"": 220, ""3"": 573673, ""30"": 21, ""31"": 42, ""33"": 68, ""36"": 27, ""4"": 252863, ""42"": 86, ""5"": 138204, ""6"": 256624, ""7"": 115016, ""8"": 38026, ""9"": 78730}",32764,28062,85.64888292027835,14615,0.4882678734773158,0,0.0,2993234,2992274,0,0.0,10103,0.3375279046008431,445650,613518,660554,851674,75195,1297324,1307806,1.5232635961647296,8.82908248930929,22058,299760,229077,527255,19005,549313,717848,1.0418355444708918,3.604517738096367
validation,aggregate,,,sp_unigram,32768,observed,9918,2532136,2531410,1142632,534335,4.737496140061946,0.4676352491440814,271,0.050717246671095846,4.737496140061946,3,12,42,"{""1"": 84155, ""10"": 11499, ""11"": 3088, ""12"": 9284, ""13"": 7793, ""14"": 309, ""15"": 4901, ""16"": 2990, ""17"": 276, ""18"": 2254, ""19"": 1862, ""2"": 44527, ""20"": 21, ""21"": 872, ""22"": 622, ""23"": 16, ""24"": 487, ""25"": 240, ""26"": 1, ""27"": 286, ""28"": 173, ""3"": 139276, ""30"": 39, ""31"": 51, ""36"": 12, ""4"": 55184, ""42"": 5, ""5"": 21102, ""6"": 83858, ""7"": 24848, ""8"": 6148, ""9"": 28156}",32764,16427,50.137345867415455,7337,1.373108630353617,1300,0.2432930652118989,534335,524417,0,0.0,0,0.0,685,53773,110908,163996,640,164681,164681,1.004176931144662,0.39025342081514186,1250,25791,2833,27379,1040,28629,29045,1.0456554293436575,3.7985317213923078
train,aggregate,,,sp_unigram,65536,observed,960,10156542,10150281,7080929,2672580,3.7979334575578654,0.37743352602462193,55451,2.074811605265324,3.7979334575578654,3,11,46,"{""1"": 906129, ""10"": 41465, ""11"": 19932, ""12"": 26538, ""13"": 28696, ""14"": 2194, ""15"": 14536, ""16"": 14933, ""17"": 1574, ""18"": 5489, ""19"": 8651, ""2"": 319932, ""20"": 85, ""21"": 3155, ""22"": 3973, ""23"": 192, ""24"": 1199, ""25"": 1978, ""26"": 54, ""27"": 594, ""28"": 845, ""29"": 20, ""3"": 446557, ""30"": 215, ""31"": 351, ""33"": 210, ""34"": 170, ""36"": 57, ""37"": 79, ""39"": 19, ""4"": 212134, ""40"": 18, ""42"": 86, ""43"": 7, ""46"": 20, ""5"": 137375, ""6"": 219987, ""7"": 124967, ""8"": 42975, ""9"": 85189}",65532,52583,80.24018799975585,49306,1.8448839697969752,0,0.0,2672580,2671620,0,0.0,11488,0.4298468146884284,445518,557070,715421,851674,75102,1297192,1307806,1.5231086072840077,8.818162818167515,18394,285987,234874,527255,16311,545649,717848,1.0348863453167823,3.0935695251823123
validation,aggregate,,,sp_unigram,65536,observed,9918,2532136,2531410,1142632,450645,5.617304086365099,0.39439207023783684,271,0.0601360272498308,5.617304086365099,4,15,46,"{""1"": 64329, ""10"": 13686, ""11"": 4732, ""12"": 10560, ""13"": 11399, ""14"": 471, ""15"": 6218, ""16"": 5544, ""17"": 729, ""18"": 2949, ""19"": 3896, ""2"": 28869, ""20"": 38, ""21"": 1523, ""22"": 1675, ""23"": 90, ""24"": 723, ""25"": 869, ""26"": 5, ""27"": 401, ""28"": 439, ""29"": 5, ""3"": 100478, ""30"": 121, ""31"": 172, ""33"": 67, ""34"": 74, ""36"": 34, ""37"": 27, ""39"": 2, ""4"": 40445, ""40"": 10, ""42"": 5, ""43"": 2, ""46"": 1, ""5"": 20366, ""6"": 68837, ""7"": 26383, ""8"": 6395, ""9"": 28076}",65532,29727,45.36257095770006,32084,7.119573056396942,4118,0.913801329205916,450645,440727,0,0.0,0,0.0,685,37645,127036,163996,640,164681,164681,1.004176931144662,0.39025342081514186,788,25148,3005,27379,736,28167,29045,1.0287811826582418,2.6881916797545564
train,aggregate,,,boundary_bpe,16384,observed,960,10156542,10150281,7080929,4029325,2.5191020828550688,0.5690390342849081,0,0.0,2.5191020828550688,2,6,32,"{""1"": 1780098, ""10"": 6463, ""11"": 2046, ""12"": 16958, ""13"": 2081, ""14"": 2154, ""15"": 2792, ""16"": 224, ""17"": 915, ""18"": 627, ""2"": 641717, ""21"": 38, ""23"": 689, ""3"": 784750, ""30"": 486, ""32"": 471, ""4"": 304126, ""5"": 69177, ""6"": 314215, ""7"": 27924, ""8"": 19457, ""9"": 51917}",16380,13436,82.02686202686203,6498,0.16126770612943855,0,0.0,4029325,4028365,0,0.0,0,0.0,456132,1307806,0,851674,78195,1307806,1307806,1.5355711222838786,9.181329945495577,22107,317261,211304,527255,17993,549362,717848,1.041928478629885,3.412580250542906
validation,aggregate,,,boundary_bpe,16384,observed,9918,2532136,2531410,1142632,759292,3.3339084304852413,0.6645114087475232,271,0.03569114385506498,3.3339084304852413,3,8,18,"{""1"": 197198, ""10"": 1291, ""12"": 7783, ""14"": 55, ""15"": 1496, ""18"": 430, ""2"": 88567, ""3"": 221064, ""4"": 86097, ""5"": 1543, ""6"": 124209, ""7"": 1395, ""8"": 3968, ""9"": 24196}",16380,7948,48.52258852258852,2845,0.37469115965926153,918,0.12090210353855961,759292,749374,0,0.0,0,0.0,685,164681,0,163996,640,164681,164681,1.004176931144662,0.39025342081514186,640,22272,5739,27379,608,28019,29045,1.0233755798239528,2.220680083275503
train,aggregate,,,boundary_bpe,32768,observed,960,10156542,10150281,7080929,3495838,2.9035330012431926,0.4936976489949271,0,0.0,2.9035330012431926,2,8,76,"{""1"": 1583724, ""10"": 19524, ""11"": 3952, ""12"": 35199, ""13"": 4662, ""14"": 3849, ""15"": 11366, ""16"": 1151, ""17"": 847, ""18"": 3872, ""19"": 572, ""2"": 436773, ""20"": 380, ""21"": 1760, ""22"": 116, ""23"": 225, ""24"": 363, ""26"": 2, ""27"": 277, ""28"": 139, ""29"": 237, ""3"": 541851, ""30"": 276, ""32"": 321, ""33"": 48, ""4"": 250649, ""42"": 22, ""47"": 178, ""48"": 23, ""5"": 80308, ""56"": 15, ""6"": 336963, ""62"": 226, ""64"": 161, ""7"": 44652, ""76"": 24, ""8"": 47465, ""9"": 83666}",32764,28069,85.67024783298743,15095,0.431799185202518,0,0.0,3495838,3494878,0,0.0,0,0.0,456132,1307806,0,851674,78195,1307806,1307806,1.5355711222838786,9.181329945495577,13171,231185,265674,527255,11578,540426,717848,1.0249803226142948,2.1959014139268476
validation,aggregate,,,boundary_bpe,32768,observed,9918,2532136,2531410,1142632,645836,3.919586396546492,0.5652178479160395,271,0.04196111706377471,3.919586396546492,3,9,30,"{""1"": 185501, ""10"": 4915, ""11"": 40, ""12"": 16513, ""13"": 277, ""14"": 287, ""15"": 5404, ""16"": 326, ""18"": 1986, ""19"": 144, ""2"": 54236, ""20"": 14, ""21"": 689, ""22"": 80, ""24"": 264, ""27"": 93, ""28"": 11, ""3"": 138601, ""30"": 19, ""4"": 64210, ""5"": 3128, ""6"": 120765, ""7"": 2880, ""8"": 11032, ""9"": 34421}",32764,15258,46.56940544500061,5852,0.9061123876649799,1127,0.1745025052799782,645836,635918,0,0.0,0,0.0,685,164681,0,163996,640,164681,164681,1.004176931144662,0.39025342081514186,489,17150,10696,27379,473,27868,29045,1.017860403959239,1.7276014463640017
train,aggregate,,,boundary_bpe,65536,observed,960,10156542,10150281,7080929,3165133,3.2069050494876516,0.4469940314328812,0,0.0,3.2069050494876516,2,9,80,"{""1"": 1494780, ""10"": 29732, ""11"": 7007, ""12"": 51862, ""13"": 6393, ""14"": 6325, ""15"": 19786, ""16"": 2815, ""17"": 1492, ""18"": 10528, ""19"": 1078, ""2"": 323479, ""20"": 850, ""21"": 4347, ""22"": 562, ""23"": 542, ""24"": 1698, ""25"": 350, ""26"": 56, ""27"": 797, ""28"": 58, ""29"": 237, ""3"": 394276, ""30"": 494, ""31"": 270, ""32"": 281, ""33"": 91, ""34"": 5, ""36"": 76, ""39"": 24, ""4"": 209479, ""42"": 98, ""43"": 112, ""46"": 48, ""47"": 178, ""48"": 23, ""5"": 80250, ""56"": 43, ""6"": 310893, ""62"": 226, ""64"": 42, ""66"": 2, ""69"": 42, ""7"": 49491, ""72"": 51, ""76"": 24, ""8"": 59517, ""80"": 39, ""9"": 94284}",65532,52526,80.15320759323689,43769,1.3828486828199635,0,0.0,3165133,3164173,0,0.0,0,0.0,456132,1307806,0,851674,78195,1307806,1307806,1.5355711222838786,9.181329945495577,9514,180734,295882,527255,8582,536769,717848,1.0180443997686128,1.6276754132251
validation,aggregate,,,boundary_bpe,65536,observed,9918,2532136,2531410,1142632,572514,4.421568730196991,0.5010484565459395,271,0.04733508700223925,4.421568730196991,3,12,39,"{""1"": 179334, ""10"": 7574, ""11"": 153, ""12"": 22785, ""13"": 650, ""14"": 936, ""15"": 9249, ""16"": 767, ""17"": 17, ""18"": 4834, ""19"": 236, ""2"": 35833, ""20"": 82, ""21"": 1910, ""22"": 160, ""24"": 802, ""25"": 62, ""26"": 3, ""27"": 319, ""28"": 37, ""3"": 95330, ""30"": 55, ""31"": 4, ""33"": 14, ""34"": 1, ""36"": 7, ""39"": 2, ""4"": 49892, ""5"": 4363, ""6"": 104361, ""7"": 3711, ""8"": 13969, ""9"": 35062}",65532,27795,42.41439296832082,25766,4.500501297784858,3099,0.5412968067156436,572514,562596,0,0.0,0,0.0,685,164681,0,163996,640,164681,164681,1.004176931144662,0.39025342081514186,390,14204,13539,27379,376,27769,29045,1.014244493955221,1.373315314657219
train,aggregate,,,uniq_superbpe,16384,observed,960,10156542,10150281,7080929,3443596,2.9475818301566155,0.48631980351730686,161320,4.684637803040775,2.9475818301566155,2,7,30,"{""1"": 1346947, ""10"": 22597, ""11"": 13887, ""12"": 17037, ""13"": 11982, ""14"": 7987, ""15"": 5804, ""16"": 12670, ""17"": 425, ""18"": 88, ""19"": 292, ""2"": 444606, ""20"": 62, ""21"": 123, ""22"": 25, ""23"": 95, ""25"": 3, ""3"": 724755, ""30"": 37, ""4"": 289694, ""5"": 116147, ""6"": 259615, ""7"": 106555, ""8"": 25331, ""9"": 36832}",16380,13342,81.45299145299145,6140,0.17830198432104113,0,0.0,3939864,3938904,496268,12.599139252949552,136711,3.9700069346113773,12140,194652,610059,851674,9676,863814,1307806,1.0142542803936718,1.136115462019505,136970,447231,140305,527255,88080,664225,717848,1.2597794236185527,16.705389232913866
validation,aggregate,,,uniq_superbpe,16384,observed,9918,2532136,2531410,1142632,689605,3.6708115515403748,0.6035232690840096,97936,14.201753177543667,3.6708115515403748,3,8,30,"{""1"": 162814, ""10"": 6752, ""11"": 897, ""12"": 5478, ""13"": 1656, ""14"": 176, ""15"": 455, ""16"": 654, ""17"": 242, ""18"": 13, ""19"": 238, ""2"": 65686, ""20"": 25, ""21"": 12, ""22"": 6, ""23"": 53, ""25"": 6, ""3"": 176678, ""30"": 18, ""4"": 78660, ""5"": 26136, ""6"": 108024, ""7"": 36446, ""8"": 3783, ""9"": 14697}",16380,9008,54.99389499389499,2757,0.39979408501968516,815,0.11818359785674408,702542,692624,12937,1.8678243895677886,7114,1.031605049267334,671,29194,133793,163996,637,164667,164681,1.0040915632088587,0.38842410790507087,1649,25380,3569,27379,1351,29028,29045,1.060228642390153,4.934438803462508
train,aggregate,,,uniq_superbpe,32768,observed,960,10156542,10150281,7080929,2856603,3.553269740317433,0.4034220650990852,43470,1.5217375323067293,3.553269740317433,3,10,32,"{""1"": 1008152, ""10"": 41876, ""11"": 21372, ""12"": 30200, ""13"": 22952, ""14"": 9173, ""15"": 10762, ""16"": 18106, ""17"": 1399, ""18"": 490, ""19"": 1513, ""2"": 306247, ""20"": 398, ""21"": 413, ""22"": 316, ""23"": 218, ""24"": 34, ""25"": 139, ""26"": 102, ""27"": 6, ""28"": 6, ""29"": 3, ""3"": 541421, ""30"": 100, ""32"": 7, ""4"": 215473, ""5"": 111595, ""6"": 275427, ""7"": 138958, ""8"": 32177, ""9"": 67568}",32764,28701,87.59919423757783,13200,0.46208731139748854,0,0.0,3402655,3401695,546052,16.052350372387885,142858,5.0009749342138194,10203,156376,628411,851674,8254,861877,1307806,1.0119799359848956,0.969150167787205,125713,429010,138186,527255,81609,652968,717848,1.2384292230514646,15.478089349555718
validation,aggregate,,,uniq_superbpe,32768,observed,9918,2532136,2531410,1142632,533101,4.7484622988889535,0.46655528639141913,28518,5.3494553564896705,4.7484622988889535,4,10,32,"{""1"": 82060, ""10"": 14016, ""11"": 3592, ""12"": 9227, ""13"": 5686, ""14"": 499, ""15"": 1698, ""16"": 1842, ""17"": 630, ""18"": 212, ""19"": 724, ""2"": 44608, ""20"": 183, ""21"": 153, ""22"": 205, ""23"": 113, ""24"": 31, ""25"": 100, ""26"": 51, ""28"": 1, ""3"": 115696, ""30"": 32, ""32"": 9, ""4"": 44245, ""5"": 22394, ""6"": 105195, ""7"": 47176, ""8"": 6165, ""9"": 26558}",32764,20105,61.363081430838726,9144,1.715247204563488,1083,0.20315099765335273,543444,533526,10343,1.9386121763512931,7270,1.3637190701199209,671,19600,142126,163996,637,164667,164681,1.0040915632088587,0.38842410790507087,1649,26213,2728,27379,1351,29028,29045,1.060228642390153,4.934438803462508
train,aggregate,,,uniq_superbpe,65536,observed,960,10156542,10150281,7080929,2533863,4.005852329032785,0.3578432999398808,12941,0.5107221661155319,4.005852329032785,3,12,35,"{""1"": 843069, ""10"": 55426, ""11"": 26362, ""12"": 43090, ""13"": 29819, ""14"": 9999, ""15"": 15422, ""16"": 23742, ""17"": 2237, ""18"": 1214, ""19"": 3072, ""2"": 241809, ""20"": 538, ""21"": 904, ""22"": 765, ""23"": 438, ""24"": 171, ""25"": 380, ""26"": 85, ""27"": 66, ""28"": 103, ""29"": 50, ""3"": 424853, ""30"": 102, ""31"": 2, ""32"": 7, ""33"": 7, ""34"": 3, ""35"": 3, ""4"": 185359, ""5"": 108873, ""6"": 245784, ""7"": 152303, ""8"": 38613, ""9"": 79193}",65532,55519,84.720441921504,60414,2.3842646583497213,0,0.0,3077005,3076045,543142,17.65715391029715,143909,5.679430971603437,9972,137756,640731,851674,7944,861646,1307806,1.0117087054436322,0.9327512639812886,123528,421561,140443,527255,80034,650783,717848,1.2342851182065604,15.179372409934471
validation,aggregate,,,uniq_superbpe,65536,observed,9918,2532136,2531410,1142632,463535,5.4610978674749475,0.40567304258939013,9796,2.1133247759068894,5.4610978674749475,6,12,34,"{""1"": 57193, ""10"": 17991, ""11"": 5191, ""12"": 11435, ""13"": 8807, ""14"": 705, ""15"": 3326, ""16"": 3491, ""17"": 1051, ""18"": 580, ""19"": 1539, ""2"": 34889, ""20"": 248, ""21"": 383, ""22"": 425, ""23"": 195, ""24"": 58, ""25"": 193, ""26"": 47, ""27"": 39, ""28"": 54, ""29"": 19, ""3"": 87545, ""30"": 34, ""31"": 1, ""32"": 9, ""34"": 1, ""4"": 29597, ""5"": 19981, ""6"": 93384, ""7"": 48429, ""8"": 6703, ""9"": 29992}",65532,36109,55.10132454373436,41730,9.002556441261177,4887,1.0542893201160646,474116,464198,10581,2.2794152495271414,7734,1.6684824231179953,671,15196,146079,163996,637,164667,164681,1.0040915632088587,0.38842410790507087,1650,26410,2532,27379,1352,29029,29045,1.060265166733628,4.93809123781
