training_domain,language,training_diagnostic_available,screening_validation_available,validation_source_domains
code,c,True,False,[]
code,cpp,True,False,[]
code,go,True,False,[]
code,java,True,False,[]
code,javascript,True,False,[]
code,python,True,False,[]
code,rust,True,False,[]
code,sql,True,False,[]
code,typescript,True,False,[]
cyrillic_african,am,True,True,"[""flores200""]"
cyrillic_african,bg,True,True,"[""flores200""]"
cyrillic_african,ru,True,True,"[""flores200""]"
cyrillic_african,sw,True,True,"[""flores200""]"
cyrillic_african,uk,True,True,"[""flores200""]"
cyrillic_african,yo,True,True,"[""flores200""]"
indic_cjk_arabic,ar,True,True,"[""flores200""]"
indic_cjk_arabic,bn,True,True,"[""flores200""]"
indic_cjk_arabic,fa,True,True,"[""flores200""]"
indic_cjk_arabic,gu,True,True,"[""flores200""]"
indic_cjk_arabic,hi,True,True,"[""flores200""]"
indic_cjk_arabic,ja,True,True,"[""flores200""]"
indic_cjk_arabic,kn,True,True,"[""flores200""]"
indic_cjk_arabic,ko,True,True,"[""flores200""]"
indic_cjk_arabic,ml,True,True,"[""flores200""]"
indic_cjk_arabic,mr,True,True,"[""flores200""]"
indic_cjk_arabic,ta,True,True,"[""flores200""]"
indic_cjk_arabic,te,True,True,"[""flores200""]"
indic_cjk_arabic,ur,True,True,"[""flores200""]"
indic_cjk_arabic,zh,True,True,"[""flores200""]"
latin_english,en,True,False,[]
