budget,condition,stratum,documents,total_tokens,normalized_utf8_bytes,bytes_per_token,fallback_tokens,fallback_pct,span_count,span_mean,span_p50,span_p95,span_max
8192,baseline,flores200:am,32,2026,6471,3.193978282329714,0,0.0,0,,,,
8192,baseline,flores200:ar,32,2057,6539,3.1789013125911523,48,2.333495381623724,24,2.0,2,2,2
8192,baseline,flores200:bg,32,2136,7482,3.502808988764045,0,0.0,0,,,,
8192,baseline,flores200:bn,32,3441,10772,3.130485324033711,1260,36.61726242371404,418,3.014354066985646,3,3,6
8192,baseline,flores200:fa,32,2044,6879,3.36545988258317,4,0.19569471624266144,2,2.0,2,2,2
8192,baseline,flores200:gu,32,3213,9612,2.991596638655462,1227,38.18860877684407,398,3.0829145728643215,3,3,6
8192,baseline,flores200:hi,32,3077,10074,3.27396815079623,1092,35.4891127721807,326,3.3496932515337425,3,6,9
8192,baseline,flores200:ja,32,1687,5110,3.029045643153527,81,4.801422643746295,27,3.0,3,3,3
8192,baseline,flores200:kn,32,3370,11326,3.360830860534125,1008,29.910979228486646,322,3.130434782608696,3,3,6
8192,baseline,flores200:ko,32,1725,4735,2.744927536231884,45,2.608695652173913,15,3.0,3,3,3
8192,baseline,flores200:ml,32,3740,11894,3.1802139037433155,1509,40.3475935828877,488,3.0922131147540983,3,3,6
8192,baseline,flores200:mr,32,3382,10965,3.2421643997634537,1254,37.07865168539326,408,3.073529411764706,3,3,6
8192,baseline,flores200:ru,32,2276,7654,3.3629173989455183,0,0.0,0,,,,
8192,baseline,flores200:sw,32,2036,4405,2.163555992141454,0,0.0,0,,,,
8192,baseline,flores200:ta,32,3050,12193,3.997704918032787,522,17.114754098360656,174,3.0,3,3,3
8192,baseline,flores200:te,32,3097,10409,3.3609945108169197,915,29.544720697449144,289,3.1660899653979238,3,6,6
8192,baseline,flores200:uk,32,2234,7446,3.333034914950761,0,0.0,0,,,,
8192,baseline,flores200:ur,32,2071,6879,3.3215837759536457,10,0.48285852245292127,5,2.0,2,2,2
8192,baseline,flores200:yo,32,2832,5063,1.7877824858757063,292,10.310734463276836,146,2.0,2,2,2
8192,baseline,flores200:zh,32,1439,3769,2.6191799861014595,78,5.42043085476025,26,3.0,3,3,3
8192,atomic_recovery,flores200:am,32,2026,6471,3.193978282329714,0,0.0,0,,,,
8192,atomic_recovery,flores200:ar,32,2057,6539,3.1789013125911523,48,2.333495381623724,24,2.0,2,2,2
8192,atomic_recovery,flores200:bg,32,2140,7482,3.4962616822429906,0,0.0,0,,,,
8192,atomic_recovery,flores200:bn,32,2877,10772,3.744177963156065,405,14.077163712200209,133,3.045112781954887,3,3,6
8192,atomic_recovery,flores200:fa,32,2044,6879,3.36545988258317,4,0.19569471624266144,2,2.0,2,2,2
8192,atomic_recovery,flores200:gu,32,2728,9612,3.5234604105571847,492,18.035190615835777,164,3.0,3,3,3
8192,atomic_recovery,flores200:hi,32,2605,10074,3.867178502879079,363,13.934740882917467,116,3.1293103448275863,3,3,6
8192,atomic_recovery,flores200:ja,32,1687,5110,3.029045643153527,81,4.801422643746295,27,3.0,3,3,3
8192,atomic_recovery,flores200:kn,32,3188,11326,3.5526976160602257,735,23.055207026348807,245,3.0,3,3,3
8192,atomic_recovery,flores200:ko,32,1725,4735,2.744927536231884,45,2.608695652173913,15,3.0,3,3,3
8192,atomic_recovery,flores200:ml,32,3188,11894,3.730865746549561,681,21.361355081555836,227,3.0,3,3,3
8192,atomic_recovery,flores200:mr,32,2785,10965,3.9371633752244164,345,12.387791741472173,115,3.0,3,3,3
8192,atomic_recovery,flores200:ru,32,2279,7654,3.358490566037736,0,0.0,0,,,,
8192,atomic_recovery,flores200:sw,32,2036,4405,2.163555992141454,0,0.0,0,,,,
8192,atomic_recovery,flores200:ta,32,3079,12193,3.9600519649236765,522,16.95355634946411,174,3.0,3,3,3
8192,atomic_recovery,flores200:te,32,2935,10409,3.5465076660988073,672,22.896081771720613,224,3.0,3,3,3
8192,atomic_recovery,flores200:uk,32,2237,7446,3.3285650424675906,0,0.0,0,,,,
8192,atomic_recovery,flores200:ur,32,2071,6879,3.3215837759536457,10,0.48285852245292127,5,2.0,2,2,2
8192,atomic_recovery,flores200:yo,32,2832,5063,1.7877824858757063,292,10.310734463276836,146,2.0,2,2,2
8192,atomic_recovery,flores200:zh,32,1439,3769,2.6191799861014595,78,5.42043085476025,26,3.0,3,3,3
8192,fallback_weighted,flores200:am,32,2026,6471,3.193978282329714,0,0.0,0,,,,
8192,fallback_weighted,flores200:ar,32,2057,6539,3.1789013125911523,48,2.333495381623724,24,2.0,2,2,2
8192,fallback_weighted,flores200:bg,32,2140,7482,3.4962616822429906,0,0.0,0,,,,
8192,fallback_weighted,flores200:bn,32,2827,10772,3.810399717014503,330,11.673151750972762,108,3.0555555555555554,3,3,6
8192,fallback_weighted,flores200:fa,32,2044,6879,3.36545988258317,4,0.19569471624266144,2,2.0,2,2,2
8192,fallback_weighted,flores200:gu,32,2728,9612,3.5234604105571847,492,18.035190615835777,164,3.0,3,3,3
8192,fallback_weighted,flores200:hi,32,2605,10074,3.867178502879079,363,13.934740882917467,116,3.1293103448275863,3,3,6
8192,fallback_weighted,flores200:ja,32,1687,5110,3.029045643153527,81,4.801422643746295,27,3.0,3,3,3
8192,fallback_weighted,flores200:kn,32,3188,11326,3.5526976160602257,735,23.055207026348807,245,3.0,3,3,3
8192,fallback_weighted,flores200:ko,32,1725,4735,2.744927536231884,45,2.608695652173913,15,3.0,3,3,3
8192,fallback_weighted,flores200:ml,32,3303,11894,3.6009688162276716,849,25.703905540417804,283,3.0,3,3,3
8192,fallback_weighted,flores200:mr,32,2785,10965,3.9371633752244164,345,12.387791741472173,115,3.0,3,3,3
8192,fallback_weighted,flores200:ru,32,2279,7654,3.358490566037736,0,0.0,0,,,,
8192,fallback_weighted,flores200:sw,32,2036,4405,2.163555992141454,0,0.0,0,,,,
8192,fallback_weighted,flores200:ta,32,3079,12193,3.9600519649236765,522,16.95355634946411,174,3.0,3,3,3
8192,fallback_weighted,flores200:te,32,2935,10409,3.5465076660988073,672,22.896081771720613,224,3.0,3,3,3
8192,fallback_weighted,flores200:uk,32,2237,7446,3.3285650424675906,0,0.0,0,,,,
8192,fallback_weighted,flores200:ur,32,2071,6879,3.3215837759536457,10,0.48285852245292127,5,2.0,2,2,2
8192,fallback_weighted,flores200:yo,32,2832,5063,1.7877824858757063,292,10.310734463276836,146,2.0,2,2,2
8192,fallback_weighted,flores200:zh,32,1439,3769,2.6191799861014595,78,5.42043085476025,26,3.0,3,3,3
16384,baseline,flores200:am,32,1620,6471,3.9944444444444445,0,0.0,0,,,,
16384,baseline,flores200:ar,32,1683,6539,3.885323826500297,48,2.8520499108734403,24,2.0,2,2,2
16384,baseline,flores200:bg,32,1734,7482,4.314878892733564,0,0.0,0,,,,
16384,baseline,flores200:bn,32,2554,10772,4.217697729052467,549,21.49569303054033,182,3.0164835164835164,3,3,6
16384,baseline,flores200:fa,32,1621,6879,4.243676742751388,4,0.24676125848241826,2,2.0,2,2,2
16384,baseline,flores200:gu,32,2246,9612,4.279608192341941,501,22.30632235084595,166,3.0180722891566263,3,3,6
16384,baseline,flores200:hi,32,2131,10074,4.727358047864852,402,18.864382918817455,126,3.1904761904761907,3,6,6
16384,baseline,flores200:ja,32,1506,5110,3.3930942895086322,81,5.378486055776892,27,3.0,3,3,3
16384,baseline,flores200:kn,32,2408,11326,4.703488372093023,270,11.212624584717608,89,3.033707865168539,3,3,6
16384,baseline,flores200:ko,32,1524,4735,3.106955380577428,45,2.952755905511811,15,3.0,3,3,3
16384,baseline,flores200:ml,32,2486,11894,4.78439259855189,516,20.75623491552695,170,3.0352941176470587,3,3,6
16384,baseline,flores200:mr,32,2342,10965,4.681895815542272,507,21.64816396242528,168,3.017857142857143,3,3,6
16384,baseline,flores200:ru,32,1855,7654,4.126145552560647,0,0.0,0,,,,
16384,baseline,flores200:sw,32,1839,4405,2.3953235454051116,0,0.0,0,,,,
16384,baseline,flores200:ta,32,2403,12193,5.074074074074074,138,5.742821473158552,46,3.0,3,3,3
16384,baseline,flores200:te,32,2228,10409,4.671903052064632,318,14.272890484739676,101,3.1485148514851486,3,3,6
16384,baseline,flores200:uk,32,1880,7446,3.9606382978723405,0,0.0,0,,,,
16384,baseline,flores200:ur,32,1648,6879,4.174150485436893,10,0.6067961165048543,5,2.0,2,2,2
16384,baseline,flores200:yo,32,2432,5063,2.0818256578947367,10,0.41118421052631576,5,2.0,2,2,2
16384,baseline,flores200:zh,32,1385,3769,2.7212996389891697,78,5.631768953068592,26,3.0,3,3,3
16384,atomic_recovery,flores200:am,32,1620,6471,3.9944444444444445,0,0.0,0,,,,
16384,atomic_recovery,flores200:ar,32,1683,6539,3.885323826500297,48,2.8520499108734403,24,2.0,2,2,2
16384,atomic_recovery,flores200:bg,32,1734,7482,4.314878892733564,0,0.0,0,,,,
16384,atomic_recovery,flores200:bn,32,2324,10772,4.635111876075731,135,5.80895008605852,44,3.0681818181818183,3,3,6
16384,atomic_recovery,flores200:fa,32,1621,6879,4.243676742751388,4,0.24676125848241826,2,2.0,2,2,2
16384,atomic_recovery,flores200:gu,32,1997,9612,4.813219829744617,111,5.558337506259389,37,3.0,3,3,3
16384,atomic_recovery,flores200:hi,32,1952,10074,5.160860655737705,132,6.762295081967213,44,3.0,3,3,3
16384,atomic_recovery,flores200:ja,32,1506,5110,3.3930942895086322,81,5.378486055776892,27,3.0,3,3,3
16384,atomic_recovery,flores200:kn,32,2326,11326,4.869303525365434,147,6.319862424763542,49,3.0,3,3,3
16384,atomic_recovery,flores200:ko,32,1524,4735,3.106955380577428,45,2.952755905511811,15,3.0,3,3,3
16384,atomic_recovery,flores200:ml,32,2270,11894,5.239647577092511,177,7.797356828193832,59,3.0,3,3,3
16384,atomic_recovery,flores200:mr,32,2122,10965,5.1672950047125354,168,7.917059377945335,56,3.0,3,3,3
16384,atomic_recovery,flores200:ru,32,1855,7654,4.126145552560647,0,0.0,0,,,,
16384,atomic_recovery,flores200:sw,32,1839,4405,2.3953235454051116,0,0.0,0,,,,
16384,atomic_recovery,flores200:ta,32,2403,12193,5.074074074074074,138,5.742821473158552,46,3.0,3,3,3
16384,atomic_recovery,flores200:te,32,2139,10409,4.866292660121552,177,8.274894810659186,59,3.0,3,3,3
16384,atomic_recovery,flores200:uk,32,1880,7446,3.9606382978723405,0,0.0,0,,,,
16384,atomic_recovery,flores200:ur,32,1648,6879,4.174150485436893,10,0.6067961165048543,5,2.0,2,2,2
16384,atomic_recovery,flores200:yo,32,2432,5063,2.0818256578947367,10,0.41118421052631576,5,2.0,2,2,2
16384,atomic_recovery,flores200:zh,32,1385,3769,2.7212996389891697,78,5.631768953068592,26,3.0,3,3,3
16384,fallback_weighted,flores200:am,32,1620,6471,3.9944444444444445,0,0.0,0,,,,
16384,fallback_weighted,flores200:ar,32,1683,6539,3.885323826500297,48,2.8520499108734403,24,2.0,2,2,2
16384,fallback_weighted,flores200:bg,32,1734,7482,4.314878892733564,0,0.0,0,,,,
16384,fallback_weighted,flores200:bn,32,2324,10772,4.635111876075731,135,5.80895008605852,44,3.0681818181818183,3,3,6
16384,fallback_weighted,flores200:fa,32,1621,6879,4.243676742751388,4,0.24676125848241826,2,2.0,2,2,2
16384,fallback_weighted,flores200:gu,32,1989,9612,4.832579185520362,108,5.429864253393665,36,3.0,3,3,3
16384,fallback_weighted,flores200:hi,32,1952,10074,5.160860655737705,132,6.762295081967213,44,3.0,3,3,3
16384,fallback_weighted,flores200:ja,32,1506,5110,3.3930942895086322,81,5.378486055776892,27,3.0,3,3,3
16384,fallback_weighted,flores200:kn,32,2342,11326,4.836037574722459,171,7.301451750640478,57,3.0,3,3,3
16384,fallback_weighted,flores200:ko,32,1524,4735,3.106955380577428,45,2.952755905511811,15,3.0,3,3,3
16384,fallback_weighted,flores200:ml,32,2270,11894,5.239647577092511,177,7.797356828193832,59,3.0,3,3,3
16384,fallback_weighted,flores200:mr,32,2122,10965,5.1672950047125354,168,7.917059377945335,56,3.0,3,3,3
16384,fallback_weighted,flores200:ru,32,1855,7654,4.126145552560647,0,0.0,0,,,,
16384,fallback_weighted,flores200:sw,32,1839,4405,2.3953235454051116,0,0.0,0,,,,
16384,fallback_weighted,flores200:ta,32,2403,12193,5.074074074074074,138,5.742821473158552,46,3.0,3,3,3
16384,fallback_weighted,flores200:te,32,2139,10409,4.866292660121552,177,8.274894810659186,59,3.0,3,3,3
16384,fallback_weighted,flores200:uk,32,1880,7446,3.9606382978723405,0,0.0,0,,,,
16384,fallback_weighted,flores200:ur,32,1648,6879,4.174150485436893,10,0.6067961165048543,5,2.0,2,2,2
16384,fallback_weighted,flores200:yo,32,2432,5063,2.0818256578947367,10,0.41118421052631576,5,2.0,2,2,2
16384,fallback_weighted,flores200:zh,32,1385,3769,2.7212996389891697,78,5.631768953068592,26,3.0,3,3,3
32768,baseline,flores200:am,32,1400,6471,4.622142857142857,0,0.0,0,,,,
32768,baseline,flores200:ar,32,1466,6539,4.46043656207367,48,3.2742155525238745,24,2.0,2,2,2
32768,baseline,flores200:bg,32,1555,7482,4.811575562700964,0,0.0,0,,,,
32768,baseline,flores200:bn,32,2168,10772,4.968634686346864,336,15.498154981549815,112,3.0,3,3,3
32768,baseline,flores200:fa,32,1425,6879,4.827368421052632,8,0.5614035087719298,4,2.0,2,2,2
32768,baseline,flores200:gu,32,1959,9612,4.906584992343032,342,17.457886676875958,113,3.0265486725663715,3,3,6
32768,baseline,flores200:hi,32,1904,10074,5.290966386554622,264,13.865546218487395,87,3.0344827586206895,3,3,6
32768,baseline,flores200:ja,32,1425,5110,3.585964912280702,81,5.684210526315789,27,3.0,3,3,3
32768,baseline,flores200:kn,32,2138,11326,5.2974742750233865,102,4.770813844714687,34,3.0,3,3,3
32768,baseline,flores200:ko,32,1450,4735,3.2655172413793103,45,3.103448275862069,15,3.0,3,3,3
32768,baseline,flores200:ml,32,2037,11894,5.838978890525282,192,9.425625920471282,64,3.0,3,3,3
32768,baseline,flores200:mr,32,2083,10965,5.264042246759481,327,15.698511761881901,109,3.0,3,3,3
32768,baseline,flores200:ru,32,1651,7654,4.635978195033313,0,0.0,0,,,,
32768,baseline,flores200:sw,32,1633,4405,2.6974892835272506,0,0.0,0,,,,
32768,baseline,flores200:ta,32,2128,12193,5.729793233082707,57,2.6785714285714284,19,3.0,3,3,3
32768,baseline,flores200:te,32,1926,10409,5.404465212876428,156,8.09968847352025,50,3.12,3,3,6
32768,baseline,flores200:uk,32,1669,7446,4.4613541042540446,0,0.0,0,,,,
32768,baseline,flores200:ur,32,1458,6879,4.7181069958847734,10,0.6858710562414266,5,2.0,2,2,2
32768,baseline,flores200:yo,32,2345,5063,2.1590618336886993,10,0.42643923240938164,5,2.0,2,2,2
32768,baseline,flores200:zh,32,1355,3769,2.781549815498155,78,5.756457564575646,26,3.0,3,3,3
32768,atomic_recovery,flores200:am,32,1400,6471,4.622142857142857,0,0.0,0,,,,
32768,atomic_recovery,flores200:ar,32,1447,6539,4.519004837595024,10,0.691085003455425,5,2.0,2,2,2
32768,atomic_recovery,flores200:bg,32,1555,7482,4.811575562700964,0,0.0,0,,,,
32768,atomic_recovery,flores200:bn,32,1991,10772,5.41034655951783,54,2.7122049221496733,18,3.0,3,3,3
32768,atomic_recovery,flores200:fa,32,1421,6879,4.840957072484166,0,0.0,0,,,,
32768,atomic_recovery,flores200:gu,32,1777,9612,5.409116488463703,57,3.207653348339899,19,3.0,3,3,3
32768,atomic_recovery,flores200:hi,32,1784,10074,5.646860986547085,81,4.540358744394619,27,3.0,3,3,3
32768,atomic_recovery,flores200:ja,32,1425,5110,3.585964912280702,81,5.684210526315789,27,3.0,3,3,3
32768,atomic_recovery,flores200:kn,32,2124,11326,5.332391713747646,81,3.8135593220338984,27,3.0,3,3,3
32768,atomic_recovery,flores200:ko,32,1450,4735,3.2655172413793103,45,3.103448275862069,15,3.0,3,3,3
32768,atomic_recovery,flores200:ml,32,1986,11894,5.9889224572004025,111,5.589123867069486,37,3.0,3,3,3
32768,atomic_recovery,flores200:mr,32,1912,10965,5.734832635983263,66,3.4518828451882846,22,3.0,3,3,3
32768,atomic_recovery,flores200:ru,32,1651,7654,4.635978195033313,0,0.0,0,,,,
32768,atomic_recovery,flores200:sw,32,1633,4405,2.6974892835272506,0,0.0,0,,,,
32768,atomic_recovery,flores200:ta,32,2128,12193,5.729793233082707,57,2.6785714285714284,19,3.0,3,3,3
32768,atomic_recovery,flores200:te,32,1860,10409,5.596236559139785,54,2.903225806451613,18,3.0,3,3,3
32768,atomic_recovery,flores200:uk,32,1669,7446,4.4613541042540446,0,0.0,0,,,,
32768,atomic_recovery,flores200:ur,32,1453,6879,4.734342739160358,0,0.0,0,,,,
32768,atomic_recovery,flores200:yo,32,2345,5063,2.1590618336886993,10,0.42643923240938164,5,2.0,2,2,2
32768,atomic_recovery,flores200:zh,32,1355,3769,2.781549815498155,78,5.756457564575646,26,3.0,3,3,3
32768,fallback_weighted,flores200:am,32,1400,6471,4.622142857142857,0,0.0,0,,,,
32768,fallback_weighted,flores200:ar,32,1447,6539,4.519004837595024,10,0.691085003455425,5,2.0,2,2,2
32768,fallback_weighted,flores200:bg,32,1555,7482,4.811575562700964,0,0.0,0,,,,
32768,fallback_weighted,flores200:bn,32,1991,10772,5.41034655951783,54,2.7122049221496733,18,3.0,3,3,3
32768,fallback_weighted,flores200:fa,32,1421,6879,4.840957072484166,0,0.0,0,,,,
32768,fallback_weighted,flores200:gu,32,1777,9612,5.409116488463703,57,3.207653348339899,19,3.0,3,3,3
32768,fallback_weighted,flores200:hi,32,1784,10074,5.646860986547085,81,4.540358744394619,27,3.0,3,3,3
32768,fallback_weighted,flores200:ja,32,1425,5110,3.585964912280702,81,5.684210526315789,27,3.0,3,3,3
32768,fallback_weighted,flores200:kn,32,2124,11326,5.332391713747646,81,3.8135593220338984,27,3.0,3,3,3
32768,fallback_weighted,flores200:ko,32,1450,4735,3.2655172413793103,45,3.103448275862069,15,3.0,3,3,3
32768,fallback_weighted,flores200:ml,32,1986,11894,5.9889224572004025,111,5.589123867069486,37,3.0,3,3,3
32768,fallback_weighted,flores200:mr,32,1912,10965,5.734832635983263,66,3.4518828451882846,22,3.0,3,3,3
32768,fallback_weighted,flores200:ru,32,1651,7654,4.635978195033313,0,0.0,0,,,,
32768,fallback_weighted,flores200:sw,32,1633,4405,2.6974892835272506,0,0.0,0,,,,
32768,fallback_weighted,flores200:ta,32,2128,12193,5.729793233082707,57,2.6785714285714284,19,3.0,3,3,3
32768,fallback_weighted,flores200:te,32,1860,10409,5.596236559139785,54,2.903225806451613,18,3.0,3,3,3
32768,fallback_weighted,flores200:uk,32,1669,7446,4.4613541042540446,0,0.0,0,,,,
32768,fallback_weighted,flores200:ur,32,1453,6879,4.734342739160358,0,0.0,0,,,,
32768,fallback_weighted,flores200:yo,32,2345,5063,2.1590618336886993,10,0.42643923240938164,5,2.0,2,2,2
32768,fallback_weighted,flores200:zh,32,1355,3769,2.781549815498155,78,5.756457564575646,26,3.0,3,3,3
