split,scope,domain,language,tokenizer,vocab_budget,tokens,normalized_utf8_bytes,unicode_characters,model_kind,actual_vocab_size,tokens_per_unicode_character,tokens_per_normalized_utf8_byte,bytes_per_token,token_length_bytes_histogram,token_length_bytes_p50,token_length_bytes_p95,token_length_bytes_p99,token_length_bytes_max
train,domain,code,,sp_unigram,16384,1875449,4104054,4093018,tokenizer_only,16384,0.458206878152014,0.4569747376618339,2.1883047739501316,"{""1"": 947178, ""10"": 3910, ""11"": 4216, ""12"": 935, ""13"": 54, ""15"": 115, ""16"": 1015, ""2"": 420065, ""3"": 186400, ""4"": 124012, ""5"": 71731, ""6"": 56210, ""7"": 37130, ""8"": 11992, ""9"": 10486}",1,6,9,16
train,domain,cyrillic_african,,sp_unigram,16384,488573,1504917,958139,tokenizer_only,16384,0.509918706993453,0.32465112693922654,3.0802295665130903,"{""1"": 101434, ""10"": 3181, ""11"": 787, ""12"": 352, ""13"": 399, ""14"": 34, ""15"": 240, ""16"": 81, ""2"": 97095, ""3"": 132999, ""4"": 84654, ""5"": 19041, ""6"": 26828, ""7"": 13786, ""8"": 5203, ""9"": 2459}",3,7,10,16
train,domain,indic_cjk_arabic,,sp_unigram,16384,1177948,4412367,1901710,tokenizer_only,16384,0.6194151579368042,0.266965100591134,3.7458079643583586,"{""1"": 212076, ""10"": 8721, ""11"": 856, ""12"": 11518, ""13"": 5506, ""15"": 2938, ""16"": 2175, ""18"": 1452, ""19"": 257, ""2"": 100145, ""21"": 223, ""24"": 118, ""27"": 35, ""3"": 456195, ""4"": 93051, ""5"": 29423, ""6"": 172134, ""7"": 36800, ""8"": 2001, ""9"": 42324}",3,9,13,27
train,domain,latin_english,,sp_unigram,16384,42594,128943,128062,tokenizer_only,16384,0.3326045196857772,0.33033200716595706,3.027257360191576,"{""1"": 12437, ""10"": 265, ""11"": 123, ""12"": 50, ""13"": 13, ""14"": 3, ""2"": 7438, ""3"": 8371, ""4"": 5895, ""5"": 3778, ""6"": 1871, ""7"": 1205, ""8"": 733, ""9"": 412}",3,7,10,14
validation,domain,flores200,,sp_unigram,16384,669952,2531410,1142632,tokenizer_only,16384,0.586323505730629,0.2646556662097408,3.7784945787160873,"{""1"": 118982, ""10"": 6230, ""11"": 677, ""12"": 7256, ""13"": 2461, ""14"": 19, ""15"": 1933, ""16"": 609, ""18"": 1028, ""19"": 155, ""2"": 75005, ""21"": 98, ""24"": 240, ""27"": 30, ""3"": 215724, ""4"": 79038, ""5"": 19519, ""6"": 94343, ""7"": 19030, ""8"": 3838, ""9"": 23737}",3,9,12,27
train,domain,code,,sp_unigram,32768,1631254,4104054,4093018,tokenizer_only,32768,0.3985455231323195,0.39747381491569067,2.5158890031840535,"{""1"": 780458, ""10"": 7443, ""11"": 6619, ""12"": 1557, ""13"": 1171, ""14"": 377, ""15"": 561, ""16"": 1207, ""2"": 285150, ""3"": 188512, ""4"": 123602, ""5"": 79230, ""6"": 65416, ""7"": 47729, ""8"": 23546, ""9"": 18676}",2,7,10,16
train,domain,cyrillic_african,,sp_unigram,32768,383477,1504917,958139,tokenizer_only,32768,0.40023107294453103,0.2548160463334523,3.9243996380486967,"{""1"": 68428, ""10"": 6559, ""11"": 3073, ""12"": 2307, ""13"": 2531, ""14"": 390, ""15"": 1494, ""16"": 375, ""17"": 661, ""18"": 157, ""19"": 273, ""2"": 53349, ""20"": 39, ""21"": 148, ""23"": 19, ""25"": 10, ""3"": 90555, ""4"": 56244, ""5"": 24247, ""6"": 37559, ""7"": 18552, ""8"": 9541, ""9"": 6966}",3,9,13,25
train,domain,indic_cjk_arabic,,sp_unigram,32768,944086,4412367,1901710,tokenizer_only,32768,0.49644057190633695,0.21396361635376204,4.673691803500952,"{""1"": 158641, ""10"": 17406, ""11"": 3886, ""12"": 16856, ""13"": 15153, ""14"": 108, ""15"": 8092, ""16"": 7041, ""17"": 33, ""18"": 3368, ""19"": 3626, ""2"": 63769, ""21"": 1572, ""22"": 1368, ""24"": 690, ""25"": 481, ""26"": 49, ""27"": 322, ""28"": 220, ""3"": 288075, ""30"": 21, ""31"": 42, ""33"": 68, ""36"": 27, ""4"": 67621, ""42"": 86, ""5"": 30985, ""6"": 151429, ""7"": 46996, ""8"": 3762, ""9"": 52293}",3,12,18,42
train,domain,latin_english,,sp_unigram,32768,34417,128943,128062,tokenizer_only,32768,0.2687526354422077,0.266916389412376,3.746491559403783,"{""1"": 7765, ""10"": 521, ""11"": 286, ""12"": 147, ""13"": 43, ""14"": 30, ""15"": 6, ""2"": 4019, ""3"": 6531, ""4"": 5396, ""5"": 3742, ""6"": 2220, ""7"": 1739, ""8"": 1177, ""9"": 795}",3,9,11,15
validation,domain,flores200,,sp_unigram,32768,534335,2531410,1142632,tokenizer_only,32768,0.4676352491440814,0.21108196617695277,4.737496140061946,"{""1"": 84155, ""10"": 11499, ""11"": 3088, ""12"": 9284, ""13"": 7793, ""14"": 309, ""15"": 4901, ""16"": 2990, ""17"": 276, ""18"": 2254, ""19"": 1862, ""2"": 44527, ""20"": 21, ""21"": 872, ""22"": 622, ""23"": 16, ""24"": 487, ""25"": 240, ""26"": 1, ""27"": 286, ""28"": 173, ""3"": 139276, ""30"": 39, ""31"": 51, ""36"": 12, ""4"": 55184, ""42"": 5, ""5"": 21102, ""6"": 83858, ""7"": 24848, ""8"": 6148, ""9"": 28156}",3,12,18,42
train,domain,code,,sp_unigram,65536,1532516,4104054,4093018,tokenizer_only,65536,0.3744220035191636,0.3734151646152804,2.677984438661652,"{""1"": 719926, ""10"": 9894, ""11"": 8426, ""12"": 2263, ""13"": 1713, ""14"": 1101, ""15"": 987, ""16"": 2505, ""18"": 26, ""2"": 236254, ""3"": 184076, ""4"": 119790, ""5"": 79280, ""6"": 64194, ""7"": 52449, ""8"": 26981, ""9"": 22651}",2,7,11,18
train,domain,cyrillic_african,,sp_unigram,65536,320264,1504917,958139,tokenizer_only,65536,0.33425630310424687,0.21281173646121349,4.6989889591087355,"{""1"": 53773, ""10"": 8562, ""11"": 4734, ""12"": 3926, ""13"": 4976, ""14"": 745, ""15"": 2898, ""16"": 973, ""17"": 1360, ""18"": 469, ""19"": 990, ""2"": 34119, ""20"": 78, ""21"": 488, ""22"": 55, ""23"": 192, ""24"": 25, ""25"": 60, ""26"": 5, ""27"": 44, ""28"": 3, ""29"": 20, ""3"": 62128, ""4"": 40489, ""5"": 24172, ""6"": 33454, ""7"": 20736, ""8"": 10130, ""9"": 10660}",4,12,17,29
train,domain,indic_cjk_arabic,,sp_unigram,65536,789074,4412367,1901710,tokenizer_only,65536,0.41492866946064333,0.17883235913966358,5.591829156707736,"{""1"": 126618, ""10"": 22365, ""11"": 6395, ""12"": 20140, ""13"": 21937, ""14"": 298, ""15"": 10642, ""16"": 11451, ""17"": 214, ""18"": 4994, ""19"": 7661, ""2"": 46729, ""20"": 7, ""21"": 2667, ""22"": 3918, ""24"": 1174, ""25"": 1918, ""26"": 49, ""27"": 550, ""28"": 842, ""3"": 195079, ""30"": 215, ""31"": 351, ""33"": 210, ""34"": 170, ""36"": 57, ""37"": 79, ""39"": 19, ""4"": 46895, ""40"": 18, ""42"": 86, ""43"": 7, ""46"": 20, ""5"": 30124, ""6"": 120024, ""7"": 49837, ""8"": 4417, ""9"": 50897}",4,15,22,46
train,domain,latin_english,,sp_unigram,65536,30726,128943,128062,tokenizer_only,65536,0.2399306585872468,0.2382913380330844,4.196543643819567,"{""1"": 5812, ""10"": 644, ""11"": 377, ""12"": 209, ""13"": 70, ""14"": 50, ""15"": 9, ""16"": 4, ""2"": 2830, ""3"": 5274, ""4"": 4960, ""5"": 3799, ""6"": 2315, ""7"": 1945, ""8"": 1447, ""9"": 981}",4,9,12,16
validation,domain,flores200,,sp_unigram,65536,450645,2531410,1142632,tokenizer_only,65536,0.39439207023783684,0.17802133988567637,5.617304086365099,"{""1"": 64329, ""10"": 13686, ""11"": 4732, ""12"": 10560, ""13"": 11399, ""14"": 471, ""15"": 6218, ""16"": 5544, ""17"": 729, ""18"": 2949, ""19"": 3896, ""2"": 28869, ""20"": 38, ""21"": 1523, ""22"": 1675, ""23"": 90, ""24"": 723, ""25"": 869, ""26"": 5, ""27"": 401, ""28"": 439, ""29"": 5, ""3"": 100478, ""30"": 121, ""31"": 172, ""33"": 67, ""34"": 74, ""36"": 34, ""37"": 27, ""39"": 2, ""4"": 40445, ""40"": 10, ""42"": 5, ""43"": 2, ""46"": 1, ""5"": 20366, ""6"": 68837, ""7"": 26383, ""8"": 6395, ""9"": 28076}",4,15,22,46
train,domain,code,,boundary_bpe,16384,2081647,4104054,4093018,tokenizer_only,16384,0.5085848632964722,0.5072172539640073,1.9715417647660722,"{""1"": 1225257, ""10"": 3361, ""11"": 1902, ""12"": 2009, ""13"": 2081, ""14"": 1960, ""16"": 224, ""17"": 915, ""18"": 60, ""2"": 408237, ""21"": 38, ""23"": 689, ""3"": 181031, ""30"": 486, ""32"": 471, ""4"": 103437, ""5"": 60929, ""6"": 46345, ""7"": 23417, ""8"": 9983, ""9"": 8815}",1,5,9,32
train,domain,cyrillic_african,,boundary_bpe,16384,584124,1504917,958139,tokenizer_only,16384,0.6096443209179462,0.3881436650659139,2.576365634694003,"{""1"": 199445, ""10"": 1093, ""11"": 48, ""12"": 272, ""15"": 36, ""2"": 115672, ""3"": 124774, ""4"": 92292, ""5"": 3894, ""6"": 38718, ""7"": 850, ""8"": 5622, ""9"": 1408}",2,6,8,15
train,domain,indic_cjk_arabic,,boundary_bpe,16384,1306981,4412367,1901710,tokenizer_only,16384,0.6872661972645672,0.296208588270196,3.3759993450555132,"{""1"": 329091, ""10"": 1942, ""11"": 60, ""12"": 14677, ""14"": 194, ""15"": 2756, ""18"": 567, ""2"": 107777, ""3"": 469729, ""4"": 102779, ""5"": 1854, ""6"": 227679, ""7"": 2907, ""8"": 3461, ""9"": 41508}",3,7,12,18
train,domain,latin_english,,boundary_bpe,16384,56573,128943,128062,tokenizer_only,16384,0.4417625837484968,0.4387442513358616,2.279232142541495,"{""1"": 26305, ""10"": 67, ""11"": 36, ""2"": 10031, ""3"": 9216, ""4"": 5618, ""5"": 2500, ""6"": 1473, ""7"": 750, ""8"": 391, ""9"": 186}",2,6,8,11
validation,domain,flores200,,boundary_bpe,16384,759292,2531410,1142632,tokenizer_only,16384,0.6645114087475232,0.2999482501846797,3.3339084304852413,"{""1"": 197198, ""10"": 1291, ""12"": 7783, ""14"": 55, ""15"": 1496, ""18"": 430, ""2"": 88567, ""3"": 221064, ""4"": 86097, ""5"": 1543, ""6"": 124209, ""7"": 1395, ""8"": 3968, ""9"": 24196}",3,8,12,18
train,domain,code,,boundary_bpe,32768,1830880,4104054,4093018,tokenizer_only,32768,0.4473178471240537,0.44611498776575553,2.2415745433889716,"{""1"": 1068435, ""10"": 8312, ""11"": 3452, ""12"": 1918, ""13"": 3658, ""14"": 3015, ""15"": 927, ""16"": 810, ""17"": 847, ""18"": 514, ""19"": 320, ""2"": 289837, ""20"": 362, ""21"": 167, ""23"": 225, ""24"": 46, ""26"": 2, ""27"": 176, ""28"": 130, ""29"": 237, ""3"": 155696, ""30"": 263, ""32"": 321, ""33"": 48, ""4"": 94956, ""42"": 22, ""47"": 178, ""48"": 23, ""5"": 66052, ""56"": 15, ""6"": 58045, ""62"": 226, ""64"": 161, ""7"": 36438, ""76"": 24, ""8"": 19692, ""9"": 15330}",1,7,10,76
train,domain,cyrillic_african,,boundary_bpe,32768,496920,1504917,958139,tokenizer_only,32768,0.5186303866140508,0.3301976122271195,3.0284894952909927,"{""1"": 176955, ""10"": 5318, ""11"": 286, ""12"": 2575, ""13"": 187, ""14"": 395, ""15"": 437, ""16"": 169, ""18"": 34, ""2"": 72648, ""20"": 17, ""21"": 15, ""3"": 83173, ""4"": 69090, ""5"": 9123, ""6"": 54584, ""7"": 2690, ""8"": 13891, ""9"": 5333}",2,8,10,21
train,domain,indic_cjk_arabic,,boundary_bpe,32768,1117409,4412367,1901710,tokenizer_only,32768,0.5875811769407533,0.25324480035318914,3.948748399198503,"{""1"": 314588, ""10"": 5668, ""11"": 115, ""12"": 30681, ""13"": 800, ""14"": 439, ""15"": 10002, ""16"": 172, ""18"": 3324, ""19"": 252, ""2"": 67351, ""20"": 1, ""21"": 1578, ""22"": 116, ""24"": 317, ""27"": 101, ""28"": 9, ""3"": 295751, ""30"": 13, ""4"": 81605, ""5"": 2399, ""6"": 222353, ""7"": 4162, ""8"": 13103, ""9"": 62509}",3,9,15,30
train,domain,latin_english,,boundary_bpe,32768,50629,128943,128062,tokenizer_only,32768,0.39534756602270776,0.39264636312168943,2.546820991921626,"{""1"": 23746, ""10"": 226, ""11"": 99, ""12"": 25, ""13"": 17, ""2"": 6937, ""3"": 7231, ""4"": 4998, ""5"": 2734, ""6"": 1981, ""7"": 1362, ""8"": 779, ""9"": 494}",2,7,9,13
validation,domain,flores200,,boundary_bpe,32768,645836,2531410,1142632,tokenizer_only,32768,0.5652178479160395,0.25512895974970473,3.919586396546492,"{""1"": 185501, ""10"": 4915, ""11"": 40, ""12"": 16513, ""13"": 277, ""14"": 287, ""15"": 5404, ""16"": 326, ""18"": 1986, ""19"": 144, ""2"": 54236, ""20"": 14, ""21"": 689, ""22"": 80, ""24"": 264, ""27"": 93, ""28"": 11, ""3"": 138601, ""30"": 19, ""4"": 64210, ""5"": 3128, ""6"": 120765, ""7"": 2880, ""8"": 11032, ""9"": 34421}",3,9,15,30
train,domain,code,,boundary_bpe,65536,1690835,4104054,4093018,tokenizer_only,65536,0.41310226341540646,0.41199141141905055,2.42723506433212,"{""1"": 998128, ""10"": 11948, ""11"": 5796, ""12"": 3328, ""13"": 4682, ""14"": 3677, ""15"": 2016, ""16"": 1574, ""17"": 1416, ""18"": 786, ""19"": 473, ""2"": 222711, ""20"": 739, ""21"": 285, ""22"": 305, ""23"": 542, ""24"": 109, ""25"": 202, ""26"": 51, ""27"": 272, ""28"": 30, ""29"": 237, ""3"": 135290, ""30"": 404, ""31"": 263, ""32"": 281, ""36"": 61, ""4"": 87859, ""42"": 22, ""43"": 112, ""46"": 48, ""47"": 178, ""48"": 23, ""5"": 63178, ""56"": 43, ""6"": 61277, ""62"": 226, ""64"": 42, ""66"": 2, ""69"": 42, ""7"": 38601, ""72"": 51, ""76"": 24, ""8"": 23489, ""80"": 39, ""9"": 19973}",1,7,13,80
train,domain,cyrillic_african,,boundary_bpe,65536,443526,1504917,958139,tokenizer_only,65536,0.46290360793162577,0.2947179146756931,3.3930750395692697,"{""1"": 167473, ""10"": 7900, ""11"": 545, ""12"": 6151, ""13"": 260, ""14"": 1432, ""15"": 831, ""16"": 731, ""17"": 4, ""18"": 602, ""2"": 50436, ""20"": 103, ""21"": 21, ""22"": 46, ""24"": 28, ""26"": 5, ""3"": 57571, ""4"": 53481, ""5"": 11583, ""6"": 54269, ""7"": 4670, ""8"": 16355, ""9"": 9029}",3,9,12,26
train,domain,indic_cjk_arabic,,boundary_bpe,65536,983079,4412367,1901710,tokenizer_only,65536,0.5169447497252473,0.22280082323161243,4.488313757083612,"{""1"": 306381, ""10"": 9528, ""11"": 498, ""12"": 42316, ""13"": 1413, ""14"": 1209, ""15"": 16936, ""16"": 510, ""17"": 72, ""18"": 9140, ""19"": 605, ""2"": 44987, ""20"": 8, ""21"": 4041, ""22"": 211, ""24"": 1561, ""25"": 148, ""27"": 525, ""28"": 28, ""3"": 195261, ""30"": 90, ""31"": 7, ""33"": 91, ""34"": 5, ""36"": 15, ""39"": 24, ""4"": 63487, ""42"": 76, ""5"": 2783, ""6"": 193201, ""7"": 4641, ""8"": 18684, ""9"": 64597}",3,12,18,42
train,domain,latin_english,,boundary_bpe,65536,47693,128943,128062,tokenizer_only,65536,0.37242117099529914,0.3698766121464523,2.703604302518189,"{""1"": 22798, ""10"": 356, ""11"": 168, ""12"": 67, ""13"": 38, ""14"": 7, ""15"": 3, ""2"": 5345, ""3"": 6154, ""4"": 4652, ""5"": 2706, ""6"": 2146, ""7"": 1579, ""8"": 989, ""9"": 685}",2,7,10,15
validation,domain,flores200,,boundary_bpe,65536,572514,2531410,1142632,tokenizer_only,65536,0.5010484565459395,0.22616407456713847,4.421568730196991,"{""1"": 179334, ""10"": 7574, ""11"": 153, ""12"": 22785, ""13"": 650, ""14"": 936, ""15"": 9249, ""16"": 767, ""17"": 17, ""18"": 4834, ""19"": 236, ""2"": 35833, ""20"": 82, ""21"": 1910, ""22"": 160, ""24"": 802, ""25"": 62, ""26"": 3, ""27"": 319, ""28"": 37, ""3"": 95330, ""30"": 55, ""31"": 4, ""33"": 14, ""34"": 1, ""36"": 7, ""39"": 2, ""4"": 49892, ""5"": 4363, ""6"": 104361, ""7"": 3711, ""8"": 13969, ""9"": 35062}",3,12,18,39
train,domain,code,,uniq_superbpe,16384,1705629,4104054,4093018,tokenizer_only,16384,0.4167167112385042,0.41559613981687377,2.4061821181511336,"{""1"": 941252, ""10"": 8286, ""11"": 11542, ""12"": 5941, ""13"": 9102, ""14"": 7311, ""15"": 5212, ""16"": 11352, ""2"": 264085, ""3"": 196105, ""4"": 107053, ""5"": 52629, ""6"": 39890, ""7"": 20681, ""8"": 17445, ""9"": 7743}",1,7,14,16
train,domain,cyrillic_african,,uniq_superbpe,16384,471277,1504917,958139,tokenizer_only,16384,0.4918670464306327,0.31315813430242334,3.193274868071219,"{""1"": 86018, ""10"": 3226, ""11"": 1134, ""12"": 385, ""13"": 270, ""14"": 60, ""15"": 123, ""16"": 25, ""17"": 97, ""18"": 62, ""2"": 95489, ""3"": 138825, ""4"": 67397, ""5"": 21875, ""6"": 31787, ""7"": 15653, ""8"": 6183, ""9"": 2668}",3,7,10,18
train,domain,indic_cjk_arabic,,uniq_superbpe,16384,1223354,4412367,1901710,tokenizer_only,16384,0.643291563908272,0.2772557223821137,3.606778577582613,"{""1"": 309231, ""10"": 10935, ""11"": 1154, ""12"": 10675, ""13"": 2603, ""14"": 613, ""15"": 469, ""16"": 1290, ""17"": 328, ""18"": 26, ""19"": 292, ""2"": 76460, ""20"": 62, ""21"": 123, ""22"": 25, ""23"": 95, ""25"": 3, ""3"": 378496, ""30"": 37, ""4"": 109284, ""5"": 38328, ""6"": 186551, ""7"": 69164, ""8"": 1067, ""9"": 26043}",3,7,12,30
train,domain,latin_english,,uniq_superbpe,16384,43336,128943,128062,tokenizer_only,16384,0.33839858818384844,0.33608648782795497,2.9754245892560456,"{""1"": 10446, ""10"": 150, ""11"": 57, ""12"": 36, ""13"": 7, ""14"": 3, ""16"": 3, ""2"": 8572, ""3"": 11329, ""4"": 5960, ""5"": 3315, ""6"": 1387, ""7"": 1057, ""8"": 636, ""9"": 378}",3,7,9,16
validation,domain,flores200,,uniq_superbpe,16384,689605,2531410,1142632,tokenizer_only,16384,0.6035232690840096,0.27241932361806265,3.6708115515403748,"{""1"": 162814, ""10"": 6752, ""11"": 897, ""12"": 5478, ""13"": 1656, ""14"": 176, ""15"": 455, ""16"": 654, ""17"": 242, ""18"": 13, ""19"": 238, ""2"": 65686, ""20"": 25, ""21"": 12, ""22"": 6, ""23"": 53, ""25"": 6, ""3"": 176678, ""30"": 18, ""4"": 78660, ""5"": 26136, ""6"": 108024, ""7"": 36446, ""8"": 3783, ""9"": 14697}",3,8,12,30
train,domain,code,,uniq_superbpe,32768,1484629,4104054,4093018,tokenizer_only,32768,0.36272232372298385,0.3617469458247869,2.764363352729874,"{""1"": 762626, ""10"": 9895, ""11"": 13350, ""12"": 7508, ""13"": 11373, ""14"": 7717, ""15"": 7229, ""16"": 14354, ""2"": 187800, ""3"": 189084, ""4"": 105933, ""5"": 56265, ""6"": 55340, ""7"": 27344, ""8"": 19110, ""9"": 9701}",1,9,15,16
train,domain,cyrillic_african,,uniq_superbpe,32768,395084,1504917,958139,tokenizer_only,32768,0.4123451816490092,0.26252876404479447,3.809106417875692,"{""1"": 70082, ""10"": 7450, ""11"": 3128, ""12"": 1591, ""13"": 2926, ""14"": 338, ""15"": 1102, ""16"": 705, ""17"": 755, ""18"": 87, ""19"": 509, ""2"": 65770, ""20"": 9, ""21"": 225, ""22"": 5, ""23"": 43, ""25"": 53, ""27"": 6, ""3"": 105027, ""4"": 45068, ""5"": 19211, ""6"": 36211, ""7"": 19821, ""8"": 8927, ""9"": 6035}",3,9,13,27
train,domain,indic_cjk_arabic,,uniq_superbpe,32768,938615,4412367,1901710,tokenizer_only,32768,0.49356368741816575,0.21272369229486124,4.700933822706861,"{""1"": 166757, ""10"": 24263, ""11"": 4727, ""12"": 21021, ""13"": 8618, ""14"": 1105, ""15"": 2428, ""16"": 3043, ""17"": 644, ""18"": 403, ""19"": 1004, ""2"": 47179, ""20"": 389, ""21"": 188, ""22"": 311, ""23"": 175, ""24"": 34, ""25"": 86, ""26"": 102, ""28"": 6, ""29"": 3, ""3"": 238015, ""30"": 100, ""32"": 7, ""4"": 58652, ""5"": 32444, ""6"": 182064, ""7"": 90438, ""8"": 3213, ""9"": 51196}",4,10,14,32
train,domain,latin_english,,uniq_superbpe,32768,38275,128943,128062,tokenizer_only,32768,0.2988786681451172,0.2968365867088559,3.368856956237753,"{""1"": 8687, ""10"": 268, ""11"": 167, ""12"": 80, ""13"": 35, ""14"": 13, ""15"": 3, ""16"": 4, ""2"": 5498, ""3"": 9295, ""4"": 5820, ""5"": 3675, ""6"": 1812, ""7"": 1355, ""8"": 927, ""9"": 636}",3,8,10,16
validation,domain,flores200,,uniq_superbpe,32768,533101,2531410,1142632,tokenizer_only,32768,0.46655528639141913,0.21059449081737056,4.7484622988889535,"{""1"": 82060, ""10"": 14016, ""11"": 3592, ""12"": 9227, ""13"": 5686, ""14"": 499, ""15"": 1698, ""16"": 1842, ""17"": 630, ""18"": 212, ""19"": 724, ""2"": 44608, ""20"": 183, ""21"": 153, ""22"": 205, ""23"": 113, ""24"": 31, ""25"": 100, ""26"": 51, ""28"": 1, ""3"": 115696, ""30"": 32, ""32"": 9, ""4"": 44245, ""5"": 22394, ""6"": 105195, ""7"": 47176, ""8"": 6165, ""9"": 26558}",4,10,15,32
train,domain,code,,uniq_superbpe,65536,1348406,4104054,4093018,tokenizer_only,65536,0.3294405253043109,0.32855464377418037,3.0436337423594972,"{""1"": 653871, ""10"": 10676, ""11"": 14406, ""12"": 9194, ""13"": 10693, ""14"": 7836, ""15"": 8239, ""16"": 16114, ""2"": 153382, ""3"": 166812, ""4"": 105588, ""5"": 59070, ""6"": 58845, ""7"": 36275, ""8"": 24035, ""9"": 13370}",2,10,16,16
train,domain,cyrillic_african,,uniq_superbpe,65536,342174,1504917,958139,tokenizer_only,65536,0.3571235488796511,0.2273706789145182,4.3981044731627765,"{""1"": 58975, ""10"": 10559, ""11"": 4304, ""12"": 2557, ""13"": 6147, ""14"": 759, ""15"": 2141, ""16"": 1782, ""17"": 1153, ""18"": 246, ""19"": 1140, ""2"": 47696, ""20"": 49, ""21"": 431, ""22"": 125, ""23"": 238, ""24"": 9, ""25"": 92, ""27"": 39, ""28"": 1, ""29"": 14, ""3"": 79501, ""31"": 2, ""4"": 40242, ""5"": 19078, ""6"": 27821, ""7"": 19230, ""8"": 9225, ""9"": 8618}",3,11,17,31
train,domain,indic_cjk_arabic,,uniq_superbpe,65536,809517,4412367,1901710,tokenizer_only,65536,0.42567846832587514,0.18346547329358595,5.450616849306439,"{""1"": 123178, ""10"": 33676, ""11"": 7415, ""12"": 31196, ""13"": 12920, ""14"": 1369, ""15"": 5034, ""16"": 5836, ""17"": 1084, ""18"": 968, ""19"": 1932, ""2"": 36686, ""20"": 489, ""21"": 473, ""22"": 640, ""23"": 200, ""24"": 162, ""25"": 288, ""26"": 85, ""27"": 27, ""28"": 102, ""29"": 36, ""3"": 171784, ""30"": 102, ""32"": 7, ""33"": 7, ""34"": 3, ""35"": 3, ""4"": 34484, ""5"": 26867, ""6"": 157019, ""7"": 95052, ""8"": 4112, ""9"": 56281}",6,12,16,35
train,domain,latin_english,,uniq_superbpe,65536,33766,128943,128062,tokenizer_only,65536,0.2636691602505037,0.26186764694477405,3.8187229757744476,"{""1"": 7045, ""10"": 515, ""11"": 237, ""12"": 143, ""13"": 59, ""14"": 35, ""15"": 8, ""16"": 10, ""2"": 4045, ""3"": 6756, ""4"": 5045, ""5"": 3858, ""6"": 2099, ""7"": 1746, ""8"": 1241, ""9"": 924}",3,9,11,16
validation,domain,flores200,,uniq_superbpe,65536,463535,2531410,1142632,tokenizer_only,65536,0.40567304258939013,0.18311336369849215,5.4610978674749475,"{""1"": 57193, ""10"": 17991, ""11"": 5191, ""12"": 11435, ""13"": 8807, ""14"": 705, ""15"": 3326, ""16"": 3491, ""17"": 1051, ""18"": 580, ""19"": 1539, ""2"": 34889, ""20"": 248, ""21"": 383, ""22"": 425, ""23"": 195, ""24"": 58, ""25"": 193, ""26"": 47, ""27"": 39, ""28"": 54, ""29"": 19, ""3"": 87545, ""30"": 34, ""31"": 1, ""32"": 9, ""34"": 1, ""4"": 29597, ""5"": 19981, ""6"": 93384, ""7"": 48429, ""8"": 6703, ""9"": 29992}",6,12,17,34
